case,file,modality,shape,max_error,mean_error,time_s,status
BraTS-GLI-02405-100,BraTS-GLI-02405-100-seg.nii.gz,seg,182x218x182,3.552714e-15,7.340876e-19,0.285,PASS
BraTS-GLI-02405-100,BraTS-GLI-02405-100-t1c.nii.gz,t1c,182x218x182,5.645752e-06,4.603448e-06,0.386,PASS
BraTS-GLI-02405-100,BraTS-GLI-02405-100-t1n.nii.gz,t1n,182x218x182,2.136230e-06,1.744041e-06,0.417,PASS
BraTS-GLI-02405-100,BraTS-GLI-02405-100-t2f.nii.gz,t2f,182x218x182,1.716614e-06,1.402166e-06,0.413,PASS
BraTS-GLI-02405-100,BraTS-GLI-02405-100-t2w.nii.gz,t2w,182x218x182,7.629395e-07,6.261900e-07,0.403,PASS
